<?xml version="1.0" encoding="UTF-8"?>
<library maxUploadSize="2097152">
  <folders>
    <folder id="2" order="2" parent="1">
      <name><![CDATA[YouTube]]></name>
    </folder>
    <folder id="3" order="3" parent="1">
      <name><![CDATA[Gallery]]></name>
    </folder>
    <folder id="4" order="4" parent="1">
      <name><![CDATA[Controls]]></name>
    </folder>
  </folders>
  <items>
    <item type="youtube" size="0" parent="2" order="1" modificationDate="1333720608774">
      <name><![CDATA[Ecommerce Product Video Sample]]></name>
      <source>QZd7015XaTQ</source>
      <thumbnail>http://i.ytimg.com/vi/QZd7015XaTQ/0.jpg</thumbnail>
      <parameters/>
    </item>
    <item type="image" size="683" parent="4" order="0" modificationDate="1333721669344">
      <name><![CDATA[pause.png]]></name>
      <source>images/pause.png</source>
      <thumbnail>images/pause.png</thumbnail>
      <parameters>
        <height><![CDATA[40]]></height>
        <width><![CDATA[40]]></width>
      </parameters>
    </item>
    <item type="image" size="692" parent="4" order="0" modificationDate="1333721669500">
      <name><![CDATA[play.png]]></name>
      <source>images/play.png</source>
      <thumbnail>images/play.png</thumbnail>
      <parameters>
        <height><![CDATA[40]]></height>
        <width><![CDATA[40]]></width>
      </parameters>
    </item>
    <item type="image" size="770" parent="4" order="0" modificationDate="1333721669625">
      <name><![CDATA[prev.png]]></name>
      <source>images/prev.png</source>
      <thumbnail>images/prev.png</thumbnail>
      <parameters>
        <height><![CDATA[40]]></height>
        <width><![CDATA[40]]></width>
      </parameters>
    </item>
    <item type="image" size="735" parent="4" order="0" modificationDate="1333721669750">
      <name><![CDATA[close.png]]></name>
      <source>images/close.png</source>
      <thumbnail>images/close.png</thumbnail>
      <parameters>
        <height><![CDATA[40]]></height>
        <width><![CDATA[40]]></width>
      </parameters>
    </item>
    <item type="image" size="513" parent="4" order="0" modificationDate="1333721669875">
      <name><![CDATA[info.png]]></name>
      <source>images/info.png</source>
      <thumbnail>images/info.png</thumbnail>
      <parameters>
        <height><![CDATA[40]]></height>
        <width><![CDATA[40]]></width>
      </parameters>
    </item>
    <item type="image" size="771" parent="4" order="0" modificationDate="1333721670000">
      <name><![CDATA[next.png]]></name>
      <source>images/next.png</source>
      <thumbnail>images/next.png</thumbnail>
      <parameters>
        <height><![CDATA[40]]></height>
        <width><![CDATA[40]]></width>
      </parameters>
    </item>
    <item type="image" size="1389" parent="4" order="0" modificationDate="1338292191686">
      <name><![CDATA[arrow_left_hover.png]]></name>
      <source>images/arrow_left_hover.png</source>
      <thumbnail>images/arrow_left_hover.png</thumbnail>
      <parameters>
        <height><![CDATA[45]]></height>
        <width><![CDATA[45]]></width>
      </parameters>
    </item>
    <item type="image" size="1414" parent="4" order="0" modificationDate="1338292191827">
      <name><![CDATA[arrow_left_up.png]]></name>
      <source>images/arrow_left_up.png</source>
      <thumbnail>images/arrow_left_up.png</thumbnail>
      <parameters>
        <height><![CDATA[45]]></height>
        <width><![CDATA[45]]></width>
      </parameters>
    </item>
    <item type="image" size="1392" parent="4" order="0" modificationDate="1338292191936">
      <name><![CDATA[arrow_right_hover.png]]></name>
      <source>images/arrow_right_hover.png</source>
      <thumbnail>images/arrow_right_hover.png</thumbnail>
      <parameters>
        <height><![CDATA[45]]></height>
        <width><![CDATA[45]]></width>
      </parameters>
    </item>
    <item type="image" size="1369" parent="4" order="0" modificationDate="1338292192077">
      <name><![CDATA[arrow_right_up.png]]></name>
      <source>images/arrow_right_up.png</source>
      <thumbnail>images/arrow_right_up.png</thumbnail>
      <parameters>
        <height><![CDATA[45]]></height>
        <width><![CDATA[45]]></width>
      </parameters>
    </item>
    <item type="image" size="260" parent="4" order="0" modificationDate="1338292609555">
      <name><![CDATA[bullet_selected.png]]></name>
      <source>images/bullet_selected.png</source>
      <thumbnail>images/bullet_selected.png</thumbnail>
      <parameters>
        <height><![CDATA[15]]></height>
        <width><![CDATA[15]]></width>
      </parameters>
    </item>
    <item type="image" size="261" parent="4" order="0" modificationDate="1338292609696">
      <name><![CDATA[bullet_up.png]]></name>
      <source>images/bullet_up.png</source>
      <thumbnail>images/bullet_up.png</thumbnail>
      <parameters>
        <height><![CDATA[15]]></height>
        <width><![CDATA[15]]></width>
      </parameters>
    </item>
    <item type="image" size="1290" parent="4" order="0" modificationDate="1340887946468">
      <name><![CDATA[prev_arrow_big.png]]></name>
      <source>images/prev_arrow_big.png</source>
      <thumbnail>images/prev_arrow_big.png</thumbnail>
      <parameters>
        <height><![CDATA[144]]></height>
        <width><![CDATA[79]]></width>
      </parameters>
    </item>
    <item type="image" size="1282" parent="4" order="0" modificationDate="1340887946578">
      <name><![CDATA[next_arrow_big.png]]></name>
      <source>images/next_arrow_big.png</source>
      <thumbnail>images/next_arrow_big.png</thumbnail>
      <parameters>
        <height><![CDATA[144]]></height>
        <width><![CDATA[79]]></width>
      </parameters>
    </item>
    <item type="image" size="703" parent="4" order="0" modificationDate="0">
      <name><![CDATA[lightbox_close.png]]></name>
      <source>images/lightbox/lightbox_close.png</source>
      <thumbnail>images/lightbox/lightbox_close.png</thumbnail>
      <parameters>
        <height><![CDATA[44]]></height>
        <width><![CDATA[44]]></width>
      </parameters>
    </item>
    <item type="image" size="436" parent="4" order="0" modificationDate="0">
      <name><![CDATA[lightbox_thumbnails_prev.png]]></name>
      <source>images/lightbox/lightbox_thumbnails_prev.png</source>
      <thumbnail>images/lightbox/lightbox_thumbnails_prev.png</thumbnail>
      <parameters>
        <height><![CDATA[42]]></height>
        <width><![CDATA[26]]></width>
      </parameters>
    </item>
    <item type="image" size="416" parent="4" order="0" modificationDate="0">
      <name><![CDATA[lightbox_thumbnails_next.png]]></name>
      <source>images/lightbox/lightbox_thumbnails_next.png</source>
      <thumbnail>images/lightbox/lightbox_thumbnails_next.png</thumbnail>
      <parameters>
        <height><![CDATA[42]]></height>
        <width><![CDATA[26]]></width>
      </parameters>
    </item>
    <item type="image" size="813" parent="4" order="0" modificationDate="0">
      <name><![CDATA[lightbox_show_thumbnails.png]]></name>
      <source>images/lightbox/lightbox_show_thumbnails.png</source>
      <thumbnail>images/lightbox/lightbox_show_thumbnails.png</thumbnail>
      <parameters>
        <height><![CDATA[27]]></height>
        <width><![CDATA[73]]></width>
      </parameters>
    </item>
    <item type="image" size="5969" parent="1" order="2" modificationDate="1349698511156">
      <name><![CDATA[gallery_loading.gif]]></name>
      <source>images/gallery_loading.gif</source>
      <thumbnail>images/gallery_loading.gif</thumbnail>
      <parameters>
        <height><![CDATA[42]]></height>
        <width><![CDATA[42]]></width>
      </parameters>
    </item>
    <item type="image" size="889" parent="1" order="4" modificationDate="1401913843656">
      <name><![CDATA[logo.png]]></name>
      <source>images/logo.png</source>
      <thumbnail>images/logo.png</thumbnail>
      <parameters>
        <height><![CDATA[36]]></height>
        <width><![CDATA[35]]></width>
      </parameters>
    </item>
    <item type="image" size="2981" parent="1" order="3" modificationDate="1401914403267">
      <name><![CDATA[header.png]]></name>
      <source>images/header.png</source>
      <thumbnail>images/header.png</thumbnail>
      <parameters>
        <height><![CDATA[196]]></height>
        <width><![CDATA[47]]></width>
      </parameters>
    </item>
    <item type="image" size="670863" parent="3" order="5" modificationDate="1401914500228">
      <name><![CDATA[slide2.jpg]]></name>
      <source>images/slide2.jpg</source>
      <thumbnail>images/_preview/slide2.jpg</thumbnail>
      <parameters>
        <height><![CDATA[721]]></height>
        <width><![CDATA[1920]]></width>
      </parameters>
    </item>
    <item type="image" size="3036" parent="1" order="0" modificationDate="1401914921741">
      <name><![CDATA[prevnext4.png]]></name>
      <source>images/prevnext4.png</source>
      <thumbnail>images/prevnext4.png</thumbnail>
      <parameters>
        <height><![CDATA[49]]></height>
        <width><![CDATA[49]]></width>
      </parameters>
    </item>
    <item type="image" size="3036" parent="1" order="0" modificationDate="1401914921917">
      <name><![CDATA[prevnext3.png]]></name>
      <source>images/prevnext3.png</source>
      <thumbnail>images/prevnext3.png</thumbnail>
      <parameters>
        <height><![CDATA[49]]></height>
        <width><![CDATA[49]]></width>
      </parameters>
    </item>
    <item type="image" size="3049" parent="1" order="0" modificationDate="1401914922103">
      <name><![CDATA[prevnext2.png]]></name>
      <source>images/prevnext2.png</source>
      <thumbnail>images/prevnext2.png</thumbnail>
      <parameters>
        <height><![CDATA[49]]></height>
        <width><![CDATA[49]]></width>
      </parameters>
    </item>
    <item type="image" size="3048" parent="1" order="0" modificationDate="1401914922285">
      <name><![CDATA[prevnext1.png]]></name>
      <source>images/prevnext1.png</source>
      <thumbnail>images/prevnext1.png</thumbnail>
      <parameters>
        <height><![CDATA[49]]></height>
        <width><![CDATA[49]]></width>
      </parameters>
    </item>
    <item type="image" size="11653" parent="1" order="0" modificationDate="1401916647541">
      <name><![CDATA[page1_img.jpg]]></name>
      <source>images/page1_img.jpg</source>
      <thumbnail>images/page1_img.jpg</thumbnail>
      <parameters>
        <height><![CDATA[149]]></height>
        <width><![CDATA[220]]></width>
      </parameters>
    </item>
    <item type="image" size="15803" parent="1" order="0" modificationDate="1401916647890">
      <name><![CDATA[page1_img1.jpg]]></name>
      <source>images/page1_img1.jpg</source>
      <thumbnail>images/page1_img1.jpg</thumbnail>
      <parameters>
        <height><![CDATA[137]]></height>
        <width><![CDATA[220]]></width>
      </parameters>
    </item>
    <item type="image" size="17566" parent="1" order="0" modificationDate="1401916648092">
      <name><![CDATA[page1_img2.jpg]]></name>
      <source>images/page1_img2.jpg</source>
      <thumbnail>images/page1_img2.jpg</thumbnail>
      <parameters>
        <height><![CDATA[137]]></height>
        <width><![CDATA[220]]></width>
      </parameters>
    </item>
    <item type="image" size="15900" parent="1" order="0" modificationDate="1401916648274">
      <name><![CDATA[page1_img3.jpg]]></name>
      <source>images/page1_img3.jpg</source>
      <thumbnail>images/page1_img3.jpg</thumbnail>
      <parameters>
        <height><![CDATA[137]]></height>
        <width><![CDATA[220]]></width>
      </parameters>
    </item>
    <item type="image" size="21361" parent="1" order="0" modificationDate="1401916648458">
      <name><![CDATA[page1_img4.jpg]]></name>
      <source>images/page1_img4.jpg</source>
      <thumbnail>images/page1_img4.jpg</thumbnail>
      <parameters>
        <height><![CDATA[137]]></height>
        <width><![CDATA[220]]></width>
      </parameters>
    </item>
    <item type="image" size="1228" parent="1" order="0" modificationDate="1401916709485">
      <name><![CDATA[quotes.png]]></name>
      <source>images/quotes.png</source>
      <thumbnail>images/quotes.png</thumbnail>
      <parameters>
        <height><![CDATA[13]]></height>
        <width><![CDATA[20]]></width>
      </parameters>
    </item>
    <item type="image" size="1358" parent="1" order="0" modificationDate="1401916709677">
      <name><![CDATA[quotes_big.png]]></name>
      <source>images/quotes_big.png</source>
      <thumbnail>images/quotes_big.png</thumbnail>
      <parameters>
        <height><![CDATA[26]]></height>
        <width><![CDATA[42]]></width>
      </parameters>
    </item>
    <item type="image" size="3720" parent="1" order="0" modificationDate="1401916873078">
      <name><![CDATA[page1_img5.png]]></name>
      <source>images/page1_img5.png</source>
      <thumbnail>images/page1_img5.png</thumbnail>
      <parameters>
        <height><![CDATA[25]]></height>
        <width><![CDATA[25]]></width>
      </parameters>
    </item>
    <item type="image" size="1537" parent="1" order="0" modificationDate="1401917056974">
      <name><![CDATA[phone_icon.png]]></name>
      <source>images/phone_icon.png</source>
      <thumbnail>images/phone_icon.png</thumbnail>
      <parameters>
        <height><![CDATA[32]]></height>
        <width><![CDATA[22]]></width>
      </parameters>
    </item>
    <item type="image" size="4148" parent="1" order="0" modificationDate="1401917286353">
      <name><![CDATA[chat_icon.png]]></name>
      <source>images/chat_icon.png</source>
      <thumbnail>images/chat_icon.png</thumbnail>
      <parameters>
        <height><![CDATA[30]]></height>
        <width><![CDATA[63]]></width>
      </parameters>
    </item>
    <item type="image" size="1113" parent="1" order="0" modificationDate="1401918125766">
      <name><![CDATA[marker.png]]></name>
      <source>images/marker.png</source>
      <thumbnail>images/marker.png</thumbnail>
      <parameters>
        <height><![CDATA[7]]></height>
        <width><![CDATA[4]]></width>
      </parameters>
    </item>
    <item type="image" size="30881" parent="1" order="0" modificationDate="1401942524357">
      <name><![CDATA[page2_img1.jpg]]></name>
      <source>images/page2_img1.jpg</source>
      <thumbnail>images/_preview/page2_img1.jpg</thumbnail>
      <parameters>
        <height><![CDATA[281]]></height>
        <width><![CDATA[257]]></width>
      </parameters>
    </item>
    <item type="image" size="24485" parent="1" order="0" modificationDate="1401942524573">
      <name><![CDATA[page2_img2.jpg]]></name>
      <source>images/page2_img2.jpg</source>
      <thumbnail>images/_preview/page2_img2.jpg</thumbnail>
      <parameters>
        <height><![CDATA[181]]></height>
        <width><![CDATA[300]]></width>
      </parameters>
    </item>
    <item type="image" size="16102" parent="1" order="0" modificationDate="1401942795759">
      <name><![CDATA[page3_img1.jpg]]></name>
      <source>images/page3_img1.jpg</source>
      <thumbnail>images/_preview/page3_img1.jpg</thumbnail>
      <parameters>
        <height><![CDATA[157]]></height>
        <width><![CDATA[350]]></width>
      </parameters>
    </item>
    <item type="image" size="34218" parent="1" order="0" modificationDate="1401942796741">
      <name><![CDATA[page3_img3.jpg]]></name>
      <source>images/page3_img3.jpg</source>
      <thumbnail>images/_preview/page3_img3.jpg</thumbnail>
      <parameters>
        <height><![CDATA[157]]></height>
        <width><![CDATA[350]]></width>
      </parameters>
    </item>
    <item type="image" size="27274" parent="1" order="0" modificationDate="1401942797492">
      <name><![CDATA[page3_img4.jpg]]></name>
      <source>images/page3_img4.jpg</source>
      <thumbnail>images/_preview/page3_img4.jpg</thumbnail>
      <parameters>
        <height><![CDATA[157]]></height>
        <width><![CDATA[350]]></width>
      </parameters>
    </item>
    <item type="image" size="19292" parent="1" order="0" modificationDate="1401942798243">
      <name><![CDATA[page3_img5.jpg]]></name>
      <source>images/page3_img5.jpg</source>
      <thumbnail>images/_preview/page3_img5.jpg</thumbnail>
      <parameters>
        <height><![CDATA[157]]></height>
        <width><![CDATA[350]]></width>
      </parameters>
    </item>
    <item type="image" size="108748" parent="1" order="0" modificationDate="1401942952264">
      <name><![CDATA[big1.jpg]]></name>
      <source>images/big1.jpg</source>
      <thumbnail>images/_preview/big1.jpg</thumbnail>
      <parameters>
        <height><![CDATA[533]]></height>
        <width><![CDATA[800]]></width>
      </parameters>
    </item>
    <item type="image" size="222509" parent="1" order="0" modificationDate="1401942952791">
      <name><![CDATA[big2.jpg]]></name>
      <source>images/big2.jpg</source>
      <thumbnail>images/_preview/big2.jpg</thumbnail>
      <parameters>
        <height><![CDATA[533]]></height>
        <width><![CDATA[800]]></width>
      </parameters>
    </item>
    <item type="image" size="129517" parent="1" order="0" modificationDate="1401942953080">
      <name><![CDATA[big3.jpg]]></name>
      <source>images/big3.jpg</source>
      <thumbnail>images/_preview/big3.jpg</thumbnail>
      <parameters>
        <height><![CDATA[597]]></height>
        <width><![CDATA[800]]></width>
      </parameters>
    </item>
    <item type="image" size="282870" parent="1" order="0" modificationDate="1401942953495">
      <name><![CDATA[big4.jpg]]></name>
      <source>images/big4.jpg</source>
      <thumbnail>images/_preview/big4.jpg</thumbnail>
      <parameters>
        <height><![CDATA[533]]></height>
        <width><![CDATA[800]]></width>
      </parameters>
    </item>
    <item type="image" size="131445" parent="1" order="0" modificationDate="1401942953741">
      <name><![CDATA[big5.jpg]]></name>
      <source>images/big5.jpg</source>
      <thumbnail>images/_preview/big5.jpg</thumbnail>
      <parameters>
        <height><![CDATA[600]]></height>
        <width><![CDATA[613]]></width>
      </parameters>
    </item>
    <item type="image" size="27302" parent="1" order="0" modificationDate="1401943264942">
      <name><![CDATA[page4_img1.jpg]]></name>
      <source>images/page4_img1.jpg</source>
      <thumbnail>images/_preview/page4_img1.jpg</thumbnail>
      <parameters>
        <height><![CDATA[281]]></height>
        <width><![CDATA[350]]></width>
      </parameters>
    </item>
    <item type="image" size="3000" parent="1" order="0" modificationDate="1401945238022">
      <name><![CDATA[button_close.png]]></name>
      <source>images/button_close.png</source>
      <thumbnail>images/button_close.png</thumbnail>
      <parameters>
        <height><![CDATA[18]]></height>
        <width><![CDATA[17]]></width>
      </parameters>
    </item>
    <item type="image" size="1663" parent="1" order="0" modificationDate="1401945238223">
      <name><![CDATA[preloader.gif]]></name>
      <source>images/preloader.gif</source>
      <thumbnail>images/preloader.gif</thumbnail>
      <parameters>
        <height><![CDATA[32]]></height>
        <width><![CDATA[144]]></width>
      </parameters>
    </item>
    <item type="image" size="811092" parent="3" order="0" modificationDate="1401957189406">
      <name><![CDATA[slide3.jpg]]></name>
      <source>images/slide3.jpg</source>
      <thumbnail>images/_preview/slide3.jpg</thumbnail>
      <parameters>
        <height><![CDATA[721]]></height>
        <width><![CDATA[1920]]></width>
      </parameters>
    </item>
    <item type="image" size="831298" parent="3" order="0" modificationDate="1401957190000">
      <name><![CDATA[slide1.jpg]]></name>
      <source>images/slide1.jpg</source>
      <thumbnail>images/_preview/slide1.jpg</thumbnail>
      <parameters>
        <height><![CDATA[721]]></height>
        <width><![CDATA[1920]]></width>
      </parameters>
    </item>
    <item type="image" size="122127" parent="4" order="0" modificationDate="1436522373433">
      <name><![CDATA[VINALINKS LOGO (Black).jpg]]></name>
      <source>images/559f978147a6f.jpg</source>
      <thumbnail>images/_preview/559f978147a6f.jpg</thumbnail>
      <parameters>
        <height><![CDATA[710]]></height>
        <width><![CDATA[555]]></width>
      </parameters>
    </item>
    <item type="image" size="6799" parent="1" order="0" modificationDate="1436793961162">
      <name><![CDATA[icon-mobile-phone-hi.png]]></name>
      <source>images/icon-mobile-phone-hi.png</source>
      <thumbnail>images/_preview/icon-mobile-phone-hi.png</thumbnail>
      <parameters>
        <height><![CDATA[591]]></height>
        <width><![CDATA[258]]></width>
      </parameters>
    </item>
    <item type="image" size="3721" parent="1" order="0" modificationDate="1437641029983">
      <name><![CDATA[english.GIF]]></name>
      <source>images/english.GIF</source>
      <thumbnail>images/_preview/english.GIF</thumbnail>
      <parameters>
        <height><![CDATA[211]]></height>
        <width><![CDATA[421]]></width>
      </parameters>
    </item>
    <item type="image" size="4077" parent="1" order="0" modificationDate="1437641039432">
      <name><![CDATA[220px-Facebook_icon.svg.png]]></name>
      <source>images/55b0a948c9ee3.png</source>
      <thumbnail>images/55b0a948c9ee3.png</thumbnail>
      <parameters>
        <height><![CDATA[220]]></height>
        <width><![CDATA[220]]></width>
      </parameters>
    </item>
    <item type="image" size="9383" parent="1" order="0" modificationDate="1437641052183">
      <name><![CDATA[FLAG.gif]]></name>
      <source>images/FLAG.gif</source>
      <thumbnail>images/_preview/FLAG.gif</thumbnail>
      <parameters>
        <height><![CDATA[220]]></height>
        <width><![CDATA[350]]></width>
      </parameters>
    </item>
    <item type="image" size="3802" parent="1" order="0" modificationDate="1437641999482">
      <name><![CDATA[uk-big.png]]></name>
      <source>images/uk-big.png</source>
      <thumbnail>images/_preview/uk-big.png</thumbnail>
      <parameters>
        <height><![CDATA[260]]></height>
        <width><![CDATA[516]]></width>
      </parameters>
    </item>
    <item type="image" size="650754" parent="1" order="0" modificationDate="1438059332516">
      <name><![CDATA[DBU.png]]></name>
      <source>images/DBU.png</source>
      <thumbnail>images/_preview/DBU.png</thumbnail>
      <parameters>
        <height><![CDATA[345]]></height>
        <width><![CDATA[974]]></width>
      </parameters>
    </item>
    <item type="image" size="94516" parent="1" order="0" modificationDate="1438065198949">
      <name><![CDATA[southern-cross-university-scu-photo-1383745829.jpg]]></name>
      <source>images/southern-cross-university-scu-photo-1383745829.jpg</source>
      <thumbnail>images/_preview/southern-cross-university-scu-photo-1383745829.jpg</thumbnail>
      <parameters>
        <height><![CDATA[800]]></height>
        <width><![CDATA[533]]></width>
      </parameters>
    </item>
    <item type="image" size="74656" parent="1" order="0" modificationDate="1438065917864">
      <name><![CDATA[scu-2.jpg]]></name>
      <source>images/scu-2.jpg</source>
      <thumbnail>images/_preview/scu-2.jpg</thumbnail>
      <parameters>
        <height><![CDATA[328]]></height>
        <width><![CDATA[660]]></width>
      </parameters>
    </item>
    <item type="image" size="22560" parent="1" order="0" modificationDate="1438156814561">
      <name><![CDATA[immigration_to_australia.jpg]]></name>
      <source>images/immigration_to_australia.jpg</source>
      <thumbnail>images/_preview/immigration_to_australia.jpg</thumbnail>
      <parameters>
        <height><![CDATA[261]]></height>
        <width><![CDATA[385]]></width>
      </parameters>
    </item>
    <item type="image" size="12211" parent="1" order="0" modificationDate="1438158178789">
      <name><![CDATA[images1111112.jpg]]></name>
      <source>images/images1111112.jpg</source>
      <thumbnail>images/_preview/images1111112.jpg</thumbnail>
      <parameters>
        <height><![CDATA[173]]></height>
        <width><![CDATA[292]]></width>
      </parameters>
    </item>
    <item type="image" size="955359" parent="1" order="0" modificationDate="1438160613521">
      <name><![CDATA[Girl-student-smiling.jpg]]></name>
      <source>images/Girl-student-smiling.jpg</source>
      <thumbnail>images/_preview/Girl-student-smiling.jpg</thumbnail>
      <parameters>
        <height><![CDATA[868]]></height>
        <width><![CDATA[1000]]></width>
      </parameters>
    </item>
    <item type="image" size="88348" parent="1" order="0" modificationDate="1438161874756">
      <name><![CDATA[euc-thithuielts-test-preparation.jpg]]></name>
      <source>images/euc-thithuielts-test-preparation.jpg</source>
      <thumbnail>images/_preview/euc-thithuielts-test-preparation.jpg</thumbnail>
      <parameters>
        <height><![CDATA[520]]></height>
        <width><![CDATA[627]]></width>
      </parameters>
    </item>
    <item type="image" size="219022" parent="1" order="0" modificationDate="1438162993072">
      <name><![CDATA[Homestay family with Japanese students.jpg]]></name>
      <source>images/55b8a02f15f7c.jpg</source>
      <thumbnail>images/_preview/55b8a02f15f7c.jpg</thumbnail>
      <parameters>
        <height><![CDATA[352]]></height>
        <width><![CDATA[600]]></width>
      </parameters>
    </item>
    <item type="image" size="182777" parent="1" order="0" modificationDate="1438163979723">
      <name><![CDATA[study-in-usa-consultency-hyderabad.jpg]]></name>
      <source>images/study-in-usa-consultency-hyderabad.jpg</source>
      <thumbnail>images/_preview/study-in-usa-consultency-hyderabad.jpg</thumbnail>
      <parameters>
        <height><![CDATA[400]]></height>
        <width><![CDATA[1040]]></width>
      </parameters>
    </item>
    <item type="image" size="667800" parent="1" order="0" modificationDate="1438570086123">
      <name><![CDATA[2013-08-07.11.18.40-sydney-opera-house-9.jpg]]></name>
      <source>images/55bed664f064b.jpg</source>
      <thumbnail>images/_preview/55bed664f064b.jpg</thumbnail>
      <parameters>
        <height><![CDATA[1200]]></height>
        <width><![CDATA[1920]]></width>
      </parameters>
    </item>
    <item type="image" size="104587" parent="1" order="0" modificationDate="1438573550153">
      <name><![CDATA[article-2004792-0C9CE90D00000578-665_634x453.jpg]]></name>
      <source>images/article-2004792-0C9CE90D00000578-665_634x453.jpg</source>
      <thumbnail>images/_preview/article-2004792-0C9CE90D00000578-665_634x453.jpg</thumbnail>
      <parameters>
        <height><![CDATA[453]]></height>
        <width><![CDATA[634]]></width>
      </parameters>
    </item>
    <item type="image" size="58021" parent="1" order="0" modificationDate="1438574763302">
      <name><![CDATA[bg-main-nav-primary.png]]></name>
      <source>images/bg-main-nav-primary.png</source>
      <thumbnail>images/_preview/bg-main-nav-primary.png</thumbnail>
      <parameters>
        <height><![CDATA[300]]></height>
        <width><![CDATA[1292]]></width>
      </parameters>
    </item>
    <item type="image" size="97541" parent="1" order="0" modificationDate="1438576373518">
      <name><![CDATA[travel-insurance_banner.jpg]]></name>
      <source>images/travel-insurance_banner.jpg</source>
      <thumbnail>images/_preview/travel-insurance_banner.jpg</thumbnail>
      <parameters>
        <height><![CDATA[234]]></height>
        <width><![CDATA[700]]></width>
      </parameters>
    </item>
    <item type="image" size="109342" parent="1" order="0" modificationDate="1438577683752">
      <name><![CDATA[airfare.gif]]></name>
      <source>images/airfare.gif</source>
      <thumbnail>images/_preview/airfare.gif</thumbnail>
      <parameters>
        <height><![CDATA[364]]></height>
        <width><![CDATA[600]]></width>
      </parameters>
    </item>
    <item type="image" size="157935" parent="1" order="0" modificationDate="1438582851034">
      <name><![CDATA[57764.jpg]]></name>
      <source>images/57764.jpg</source>
      <thumbnail>images/_preview/57764.jpg</thumbnail>
      <parameters>
        <height><![CDATA[320]]></height>
        <width><![CDATA[478]]></width>
      </parameters>
    </item>
    <item type="image" size="63452" parent="1" order="0" modificationDate="1438584825968">
      <name><![CDATA[13studentsbanner.jpg]]></name>
      <source>images/13studentsbanner.jpg</source>
      <thumbnail>images/_preview/13studentsbanner.jpg</thumbnail>
      <parameters>
        <height><![CDATA[283]]></height>
        <width><![CDATA[623]]></width>
      </parameters>
    </item>
    <item type="image" size="262406" parent="1" order="0" modificationDate="1438585017718">
      <name><![CDATA[bigstock-Successful-business-woman-at-t-46191232-1.jpg]]></name>
      <source>images/bigstock-Successful-business-woman-at-t-46191232-1.jpg</source>
      <thumbnail>images/_preview/bigstock-Successful-business-woman-at-t-46191232-1.jpg</thumbnail>
      <parameters>
        <height><![CDATA[611]]></height>
        <width><![CDATA[900]]></width>
      </parameters>
    </item>
    <item type="image" size="45000" parent="1" order="0" modificationDate="1438585042717">
      <name><![CDATA[communication skills.jpg]]></name>
      <source>images/55bf10d187788.jpg</source>
      <thumbnail>images/_preview/55bf10d187788.jpg</thumbnail>
      <parameters>
        <height><![CDATA[333]]></height>
        <width><![CDATA[500]]></width>
      </parameters>
    </item>
    <item type="image" size="1744826" parent="1" order="0" modificationDate="1438585078453">
      <name><![CDATA[1.jpg]]></name>
      <source>images/1.jpg</source>
      <thumbnail>images/_preview/1.jpg</thumbnail>
      <parameters>
        <height><![CDATA[1779]]></height>
        <width><![CDATA[2800]]></width>
      </parameters>
    </item>
    <item type="image" size="33406" parent="1" order="0" modificationDate="1438585114620">
      <name><![CDATA[University-graduates-006.jpg]]></name>
      <source>images/University-graduates-006.jpg</source>
      <thumbnail>images/_preview/University-graduates-006.jpg</thumbnail>
      <parameters>
        <height><![CDATA[276]]></height>
        <width><![CDATA[460]]></width>
      </parameters>
    </item>
    <item type="image" size="654191" parent="1" order="0" modificationDate="1438596142474">
      <name><![CDATA[a.jpg]]></name>
      <source>images/a.jpg</source>
      <thumbnail>images/_preview/a.jpg</thumbnail>
      <parameters>
        <height><![CDATA[1500]]></height>
        <width><![CDATA[2250]]></width>
      </parameters>
    </item>
    <item type="image" size="246396" parent="1" order="0" modificationDate="1438596294232">
      <name><![CDATA[http%3A%2F%2Fi.huffpost.com%2Fgen%2F1898769%2Fthumbs%2Fo-WASHINGTON-LEE-UNIVERSITY-CAMPUS-facebook.jpg]]></name>
      <source>images/55bf3cc4683e1.jpg</source>
      <thumbnail>images/_preview/55bf3cc4683e1.jpg</thumbnail>
      <parameters>
        <height><![CDATA[512]]></height>
        <width><![CDATA[1024]]></width>
      </parameters>
    </item>
    <item type="image" size="20826" parent="1" order="0" modificationDate="1438742512428">
      <name><![CDATA[VINALINKS LOGO 5.8.15  (Black).png]]></name>
      <source>images/55c177edd6f9b.png</source>
      <thumbnail>images/_preview/55c177edd6f9b.png</thumbnail>
      <parameters>
        <height><![CDATA[736]]></height>
        <width><![CDATA[1622]]></width>
      </parameters>
    </item>
    <item type="image" size="233138" parent="1" order="0" modificationDate="1438748309961">
      <name><![CDATA[bbb.jpg]]></name>
      <source>images/bbb.jpg</source>
      <thumbnail>images/_preview/bbb.jpg</thumbnail>
      <parameters>
        <height><![CDATA[500]]></height>
        <width><![CDATA[1060]]></width>
      </parameters>
    </item>
    <item type="image" size="169806" parent="1" order="0" modificationDate="1438748329166">
      <name><![CDATA[belgorod-city-university.jpg]]></name>
      <source>images/belgorod-city-university.jpg</source>
      <thumbnail>images/_preview/belgorod-city-university.jpg</thumbnail>
      <parameters>
        <height><![CDATA[500]]></height>
        <width><![CDATA[900]]></width>
      </parameters>
    </item>
    <item type="image" size="146953" parent="1" order="0" modificationDate="1438748373590">
      <name><![CDATA[cj50f33d46.jpg]]></name>
      <source>images/cj50f33d46.jpg</source>
      <thumbnail>images/_preview/cj50f33d46.jpg</thumbnail>
      <parameters>
        <height><![CDATA[550]]></height>
        <width><![CDATA[890]]></width>
      </parameters>
    </item>
    <item type="image" size="147187" parent="1" order="0" modificationDate="1438748412561">
      <name><![CDATA[University-of-Sunshine-Coast.jpg]]></name>
      <source>images/University-of-Sunshine-Coast.jpg</source>
      <thumbnail>images/_preview/University-of-Sunshine-Coast.jpg</thumbnail>
      <parameters>
        <height><![CDATA[310]]></height>
        <width><![CDATA[480]]></width>
      </parameters>
    </item>
    <item type="image" size="104595" parent="1" order="0" modificationDate="1438748437844">
      <name><![CDATA[vbnm.jpg]]></name>
      <source>images/vbnm.jpg</source>
      <thumbnail>images/_preview/vbnm.jpg</thumbnail>
      <parameters>
        <height><![CDATA[700]]></height>
        <width><![CDATA[1920]]></width>
      </parameters>
    </item>
    <item type="image" size="267345" parent="1" order="0" modificationDate="1438748453579">
      <name><![CDATA[Xavier-002-1.jpg]]></name>
      <source>images/Xavier-002-1.jpg</source>
      <thumbnail>images/_preview/Xavier-002-1.jpg</thumbnail>
      <parameters>
        <height><![CDATA[270]]></height>
        <width><![CDATA[800]]></width>
      </parameters>
    </item>
    <item type="image" size="75353" parent="1" order="0" modificationDate="1438748502769">
      <name><![CDATA[bb.jpg]]></name>
      <source>images/bb.jpg</source>
      <thumbnail>images/_preview/bb.jpg</thumbnail>
      <parameters>
        <height><![CDATA[540]]></height>
        <width><![CDATA[900]]></width>
      </parameters>
    </item>
    <item type="image" size="1763503" order="0" modificationDate="0">
      <name><![CDATA[cc_1800_1300.jpg]]></name>
      <source>images/cc_1800_1300.jpg</source>
      <thumbnail>images/_preview/cc_1800_1300.jpg</thumbnail>
      <parameters>
        <height><![CDATA[1300]]></height>
        <width><![CDATA[1800]]></width>
      </parameters>
    </item>
    <item type="image" size="1243251" order="0" modificationDate="0">
      <name><![CDATA[a_1300_1100.jpg]]></name>
      <source>images/a_1300_1100.jpg</source>
      <thumbnail>images/_preview/a_1300_1100.jpg</thumbnail>
      <parameters>
        <height><![CDATA[1100]]></height>
        <width><![CDATA[1300]]></width>
      </parameters>
    </item>
    <item type="image" size="1343466" order="0" modificationDate="0">
      <name><![CDATA[a_1500_1000.jpg]]></name>
      <source>images/a_1500_1000.jpg</source>
      <thumbnail>images/_preview/a_1500_1000.jpg</thumbnail>
      <parameters>
        <height><![CDATA[1000]]></height>
        <width><![CDATA[1500]]></width>
      </parameters>
    </item>
    <item type="image" size="52074" parent="1" order="0" modificationDate="1438755816345">
      <name><![CDATA[cook.jpg]]></name>
      <source>images/cook.jpg</source>
      <thumbnail>images/_preview/cook.jpg</thumbnail>
      <parameters>
        <height><![CDATA[475]]></height>
        <width><![CDATA[700]]></width>
      </parameters>
    </item>
    <item type="image" size="851218" parent="1" order="0" modificationDate="1438755886380">
      <name><![CDATA[glacier-national-park-reflections-dual-monitor-other.jpg]]></name>
      <source>images/glacier-national-park-reflections-dual-monitor-other.jpg</source>
      <thumbnail>images/_preview/glacier-national-park-reflections-dual-monitor-other.jpg</thumbnail>
      <parameters>
        <height><![CDATA[1024]]></height>
        <width><![CDATA[2560]]></width>
      </parameters>
    </item>
    <item type="image" size="1275395" parent="1" order="0" modificationDate="1438755927570">
      <name><![CDATA[Wallpapers-HD-Cool-Backgrounds-Autumn-e1381968483621.jpg]]></name>
      <source>images/Wallpapers-HD-Cool-Backgrounds-Autumn-e1381968483621.jpg</source>
      <thumbnail>images/_preview/Wallpapers-HD-Cool-Backgrounds-Autumn-e1381968483621.jpg</thumbnail>
      <parameters>
        <height><![CDATA[1200]]></height>
        <width><![CDATA[1920]]></width>
      </parameters>
    </item>
    <item type="image" size="145535" parent="1" order="0" modificationDate="1438761130097">
      <name><![CDATA[at_du-lich-nhat-ban--tokyo--yokohama--fuji--tokyo_48b17d0997d26aacdc77b05adf4d3cb7.jpg]]></name>
      <source>images/at_du-lich-nhat-ban--tokyo--yokohama--fuji--tokyo_48b17d0997d26aacdc77b05adf4d3cb7.jpg</source>
      <thumbnail>images/_preview/at_du-lich-nhat-ban--tokyo--yokohama--fuji--tokyo_48b17d0997d26aacdc77b05adf4d3cb7.jpg</thumbnail>
      <parameters>
        <height><![CDATA[768]]></height>
        <width><![CDATA[1024]]></width>
      </parameters>
    </item>
    <item type="image" size="237923" parent="1" order="0" modificationDate="1438761211614">
      <name><![CDATA[Mount-Fuji-cherry-blossoms-trees-and-pagoda-Tokyo-Japan.jpg]]></name>
      <source>images/Mount-Fuji-cherry-blossoms-trees-and-pagoda-Tokyo-Japan.jpg</source>
      <thumbnail>images/_preview/Mount-Fuji-cherry-blossoms-trees-and-pagoda-Tokyo-Japan.jpg</thumbnail>
      <parameters>
        <height><![CDATA[743]]></height>
        <width><![CDATA[990]]></width>
      </parameters>
    </item>
    <item type="image" size="327936" parent="1" order="0" modificationDate="1438761290727">
      <name><![CDATA[justthetravel-golden-gate-bridge-beautiful.jpg]]></name>
      <source>images/justthetravel-golden-gate-bridge-beautiful.jpg</source>
      <thumbnail>images/_preview/justthetravel-golden-gate-bridge-beautiful.jpg</thumbnail>
      <parameters>
        <height><![CDATA[1000]]></height>
        <width><![CDATA[1509]]></width>
      </parameters>
    </item>
    <item type="image" size="679442" parent="1" order="0" modificationDate="1438761321917">
      <name><![CDATA[Japan-Aomori-Prefecture-Hirosaki-Winter-Snow-Bridge-Castel-Ice-Trees.jpg]]></name>
      <source>images/Japan-Aomori-Prefecture-Hirosaki-Winter-Snow-Bridge-Castel-Ice-Trees.jpg</source>
      <thumbnail>images/_preview/Japan-Aomori-Prefecture-Hirosaki-Winter-Snow-Bridge-Castel-Ice-Trees.jpg</thumbnail>
      <parameters>
        <height><![CDATA[1200]]></height>
        <width><![CDATA[1920]]></width>
      </parameters>
    </item>
    <item type="image" size="526620" parent="1" order="0" modificationDate="1438761366953">
      <name><![CDATA[japan_tokyo_cityscapes_yokohama_city_lights_free_background.jpg]]></name>
      <source>images/japan_tokyo_cityscapes_yokohama_city_lights_free_background.jpg</source>
      <thumbnail>images/_preview/japan_tokyo_cityscapes_yokohama_city_lights_free_background.jpg</thumbnail>
      <parameters>
        <height><![CDATA[1200]]></height>
        <width><![CDATA[1920]]></width>
      </parameters>
    </item>
    <item type="image" size="1497154" order="0" modificationDate="0">
      <name><![CDATA[55bed664f064b_1680_1050.jpg]]></name>
      <source>images/55bed664f064b_1680_1050.jpg</source>
      <thumbnail>images/_preview/55bed664f064b_1680_1050.jpg</thumbnail>
      <parameters>
        <height><![CDATA[1050]]></height>
        <width><![CDATA[1680]]></width>
      </parameters>
    </item>
    <item type="image" size="1523074" order="0" modificationDate="0">
      <name><![CDATA[Japan-Aomori-Prefecture-Hirosaki-Winter-Snow-Bridge-Castel-Ice-Trees_1600_1000.jpg]]></name>
      <source>images/Japan-Aomori-Prefecture-Hirosaki-Winter-Snow-Bridge-Castel-Ice-Trees_1600_1000.jpg</source>
      <thumbnail>images/_preview/Japan-Aomori-Prefecture-Hirosaki-Winter-Snow-Bridge-Castel-Ice-Trees_1600_1000.jpg</thumbnail>
      <parameters>
        <height><![CDATA[1000]]></height>
        <width><![CDATA[1600]]></width>
      </parameters>
    </item>
    <item type="image" size="67565" parent="1" order="0" modificationDate="1438922973467">
      <name><![CDATA[ĐẠI HỌC TOKYO.jpg]]></name>
      <source>images/55c438d8aad5a.jpg</source>
      <thumbnail>images/_preview/55c438d8aad5a.jpg</thumbnail>
      <parameters>
        <width><![CDATA[600]]></width>
        <height><![CDATA[380]]></height>
      </parameters>
    </item>
  </items>
</library>
