<?xml version="1.0" encoding="utf-8"?>
<systemData>
  <modulesSection>
    
  <modulesDataProviders maxId="7" modificationDate="1438749749"><dataProvider id="1" dataProviderType="menus" moduleType="10" modificationDate="1339669193828"><name><![CDATA[Menu content]]></name><sources stamp="f184180d9da94c0deeb7bb09a2834473"><source id="dataProvider"><![CDATA[xml/modules/menu_4fd9bac9c28cd.xml]]></source></sources></dataProvider><dataProvider id="2" dataProviderType="" moduleType="1" modificationDate="1339670035250"><name><![CDATA[Google Map content]]></name><sources stamp="99ff14138eed6841c6d9aa3f7362941f"><source id="dataProvider"><![CDATA[xml/modules/map_4fd9be1335681.xml]]></source></sources></dataProvider><dataProvider id="3" dataProviderType="" moduleType="11" modificationDate="1401914545648"><name><![CDATA[Gallery content]]></name><sources stamp="d2f7a0cd9fb6c40277d6af66535b2b88"><source id="galleryData"><![CDATA[xml/modules/gallery_538f84b6948e0.xml]]></source></sources></dataProvider><dataProvider id="4" dataProviderType="" moduleType="2" modificationDate="1401915716402"><name><![CDATA[Form content]]></name><sources stamp="acfc3530fa32dca8d344e54f699c6699"><source id="formConfiguration"><![CDATA[xml/modules/form_configuration_538f894956c4c.xml]]></source><source id="formStructure"><![CDATA[xml/modules/form_structure_538f894956c4c.xml]]></source></sources></dataProvider><dataProvider id="5" dataProviderType="" moduleType="2" modificationDate="1401943548114"><name><![CDATA[Form content]]></name><sources stamp="2bac5368357ef221118eacf482abe081"><source id="formConfiguration"><![CDATA[xml/modules/form_configuration_538ff60195042.xml]]></source><source id="formStructure"><![CDATA[xml/modules/form_structure_538ff60195042.xml]]></source></sources></dataProvider><dataProvider id="6" dataProviderType="" moduleType="6" modificationDate="1436620875730"><name><![CDATA[HTML content]]></name><sources stamp="7267fafe92ac317b591a0894a29c8b79"><source id="file"><![CDATA[xml/modules/html_557ec94081002.xml]]></source></sources></dataProvider><dataProvider id="7" dataProviderType="" moduleType="11" modificationDate="1438749751601"><name><![CDATA[Gallery content]]></name><sources stamp="22c576f741eb6086ab2ceeddb8fb6b32"><source id="galleryData"><![CDATA[xml/modules/gallery_55c1943529f90.xml]]></source></sources></dataProvider></modulesDataProviders></modulesSection>
</systemData>
