<?xml version="1.0" encoding="utf-8"?>
<contactFormStructure>
	<formItems><item id="1" required="true" type="text" x="0" y="0" width="220" height="30" mailOrder="1" tabOrder="1"><label><![CDATA[01:email]]></label><textToShow><![CDATA[Nhập thông tin tại đây]]></textToShow><validator>EmailValidator</validator></item></formItems>
	<formControls><item type="submitButton" x="226" y="0" width="50" height="29"/><item type="resetButton" x="79" y="41" width="0" height="0"/><item type="statusMessage" x="0" y="30" width="219" height="20"/></formControls>
</contactFormStructure>
