<?xml version="1.0" encoding="utf-8"?>
<contactFormStructure>
	<formItems><item id="1" required="true" type="text" x="0" y="0" width="300" height="42" mailOrder="1" tabOrder="1"><label><![CDATA[01:Họ Tện]]></label><textToShow><![CDATA[Họ tên]]></textToShow></item><item id="2" required="true" type="text" x="0" y="60" width="300" height="42" mailOrder="2" tabOrder="2"><label><![CDATA[02:email]]></label><textToShow><![CDATA[Email]]></textToShow><validator>EmailValidator</validator></item><item id="3" required="true" type="text" x="0" y="120" width="300" height="42" mailOrder="3" tabOrder="3"><label><![CDATA[03:Điện thoại]]></label><textToShow><![CDATA[Điện thoại]]></textToShow></item><item id="4" required="true" type="text" x="1" y="178" width="301" height="160" mailOrder="4" tabOrder="4"><label><![CDATA[04:message]]></label><textToShow><![CDATA[Nhập thông tin]]></textToShow><multiline>true</multiline></item></formItems>
	<formControls><item type="submitButton" x="217" y="345" width="85" height="24"/><item type="resetButton" x="162" y="344" width="50" height="24"/><item type="statusMessage" x="0" y="350" width="156" height="30"/></formControls>
</contactFormStructure>
