<?xml version="1.0" encoding="utf-8"?>
<simpleGalleryModule>

	<configuration>
		<option id="previewPropertyID" editable="false">
			<value>1</value>
		</option>
		<option id="thumbnailPropertyID" editable="false">
			<value>1</value>
		</option>
		<option id="thumbnailWidth" editable="false">
			<value>146</value>
		</option>
		<option id="thumbnailHeight" editable="false">
			<value>100</value>
		</option>
		<option id="maxRootItems">
			<value>0</value>
		</option>
	</configuration>
	
	<structure>
		<properties>
			<property id="1" type="image" keyName="preview">
				<name><![CDATA[Preview]]></name>
			</property>
			<property id="3" type="htmlText" keyName="description">
				<name><![CDATA[Description]]></name>
				<parameters>
					<allowLinks>true</allowLinks>
				</parameters>
			</property>
		</properties>
		<template id="0" order="0">
			<properties>
				<item propertyType="1"/>
				<item propertyType="3" embedFonts="false"/>
			</properties>
		</template>
	</structure>

	<data><item id="2" order="1"><properties><item propertyType="1"><![CDATA[images/slide2.jpg]]></item><item propertyType="3" backgroundColor="0x6A6666" embedFonts="true" antiAliasType="advanced"><![CDATA[<TEXTFORMAT LEADING="2"><P ALIGN="LEFT"><FONT FACE="Open Sans Condensed" SIZE="32" COLOR="#F8E9E9" LETTERSPACING="0" KERNING="1">Đặc Biệt: </FONT></P></TEXTFORMAT><TEXTFORMAT LEADING="2"><P ALIGN="LEFT"><FONT FACE="Open Sans Condensed" SIZE="32" COLOR="#F8E9E9" LETTERSPACING="0" KERNING="1">01. <FONT COLOR="#BEBEBE">CAM KẾT UY TÍN 100%</FONT></FONT></P></TEXTFORMAT><TEXTFORMAT LEADING="2"><P ALIGN="LEFT"><FONT FACE="Open Sans Condensed" SIZE="32" COLOR="#F8E9E9" LETTERSPACING="0" KERNING="1">02. <FONT COLOR="#BEBEBE">TỶ LỆ ĐẬU VISA CAO</FONT></FONT></P></TEXTFORMAT><TEXTFORMAT LEADING="2"><P ALIGN="LEFT"><FONT FACE="Open Sans Condensed" SIZE="32" COLOR="#F8E9E9" LETTERSPACING="0" KERNING="1">03. <FONT COLOR="#BEBEBE">KHÔNG VISA KHÔNG THU PHÍ</FONT></FONT></P></TEXTFORMAT>]]></item></properties></item><item id="5" order="2"><properties><item propertyType="1"><![CDATA[images/a_1500_1000.jpg]]></item><item propertyType="3" antiAliasType="advanced" embedFonts="true"><![CDATA[<TEXTFORMAT LEADING="2"><P ALIGN="LEFT"><FONT FACE="Open Sans Condensed" SIZE="32" COLOR="#F8E9E9" LETTERSPACING="0" KERNING="1">Đặc Biệt: </FONT></P></TEXTFORMAT><TEXTFORMAT LEADING="2"><P ALIGN="LEFT"><FONT FACE="Open Sans Condensed" SIZE="32" COLOR="#F8E9E9" LETTERSPACING="0" KERNING="1">01. <FONT COLOR="#BEBEBE">CAM KẾT UY TÍN 100%</FONT></FONT></P></TEXTFORMAT><TEXTFORMAT LEADING="2"><P ALIGN="LEFT"><FONT FACE="Open Sans Condensed" SIZE="32" COLOR="#F8E9E9" LETTERSPACING="0" KERNING="1">02. <FONT COLOR="#BEBEBE">TỶ LỆ ĐẬU VISA CAO</FONT></FONT></P></TEXTFORMAT><TEXTFORMAT LEADING="2"><P ALIGN="LEFT"><FONT FACE="Open Sans Condensed" SIZE="32" COLOR="#F8E9E9" LETTERSPACING="0" KERNING="1">03. <FONT COLOR="#BEBEBE">KHÔNG VISA KHÔNG THU PHÍ</FONT></FONT></P></TEXTFORMAT>]]></item></properties></item><item id="6" order="3"><properties><item propertyType="1"><![CDATA[images/55bed664f064b_1680_1050.jpg]]></item><item propertyType="3" embedFonts="false" antiAliasType="advanced"><![CDATA[<TEXTFORMAT LEADING="2"><P ALIGN="LEFT"><FONT FACE="Open Sans Condensed" SIZE="32" COLOR="#F8E9E9" LETTERSPACING="0" KERNING="1">Đặc Biệt: </FONT></P></TEXTFORMAT><TEXTFORMAT LEADING="2"><P ALIGN="LEFT"><FONT FACE="Open Sans Condensed" SIZE="32" COLOR="#F8E9E9" LETTERSPACING="0" KERNING="1">01. <FONT COLOR="#BEBEBE">CAM KẾT UY TÍN 100%</FONT></FONT></P></TEXTFORMAT><TEXTFORMAT LEADING="2"><P ALIGN="LEFT"><FONT FACE="Open Sans Condensed" SIZE="32" COLOR="#F8E9E9" LETTERSPACING="0" KERNING="1">02. <FONT COLOR="#BEBEBE">TỶ LỆ ĐẬU VISA CAO</FONT></FONT></P></TEXTFORMAT><TEXTFORMAT LEADING="2"><P ALIGN="LEFT"><FONT FACE="Open Sans Condensed" SIZE="32" COLOR="#F8E9E9" LETTERSPACING="0" KERNING="1">03. <FONT COLOR="#BEBEBE">KHÔNG VISA KHÔNG THU PHÍ</FONT></FONT></P></TEXTFORMAT>]]></item></properties></item><item id="7" order="4"><properties><item propertyType="1"><![CDATA[images/Japan-Aomori-Prefecture-Hirosaki-Winter-Snow-Bridge-Castel-Ice-Trees_1600_1000.jpg]]></item><item propertyType="3" embedFonts="false" antiAliasType="advanced"><![CDATA[<TEXTFORMAT LEADING="2"><P ALIGN="LEFT"><FONT FACE="Open Sans Condensed" SIZE="32" COLOR="#F8E9E9" LETTERSPACING="0" KERNING="1">Đặc Biệt: </FONT></P></TEXTFORMAT><TEXTFORMAT LEADING="2"><P ALIGN="LEFT"><FONT FACE="Open Sans Condensed" SIZE="32" COLOR="#F8E9E9" LETTERSPACING="0" KERNING="1">01. <FONT COLOR="#BEBEBE">CAM KẾT UY TÍN 100%</FONT></FONT></P></TEXTFORMAT><TEXTFORMAT LEADING="2"><P ALIGN="LEFT"><FONT FACE="Open Sans Condensed" SIZE="32" COLOR="#F8E9E9" LETTERSPACING="0" KERNING="1">02. <FONT COLOR="#BEBEBE">TỶ LỆ ĐẬU VISA CAO</FONT></FONT></P></TEXTFORMAT><TEXTFORMAT LEADING="2"><P ALIGN="LEFT"><FONT FACE="Open Sans Condensed" SIZE="32" COLOR="#F8E9E9" LETTERSPACING="0" KERNING="1">03. <FONT COLOR="#BEBEBE">KHÔNG VISA KHÔNG THU PHÍ</FONT></FONT></P></TEXTFORMAT>]]></item></properties></item></data>

</simpleGalleryModule>
