<?xml version="1.0" encoding="utf-8"?><htmlwidget><configuration><option id="showScrollBars"><value><![CDATA[false]]></value></option><option id="useIFrame"><value><![CDATA[false]]></value></option></configuration>
	<data><![CDATA[<html><head></head><body><iframe width="100%" height="100%" frameborder="0" scrolling="no" marginheight="0" marginwidth="0" src="https://www.google.com/maps/ms?msid=204293175747830583907.0005022420ef3bca6a816&msa=0&ie=UTF8&t=m&ll=40.79042,-73.945541&spn=0.462677,1.056747&output=embed"></iframe><br /><small>View <a href="https://www.google.com/maps/ms?msid=204293175747830583907.0005022420ef3bca6a816&msa=0&ie=UTF8&t=m&ll=40.79042,-73.945541&spn=0.462677,1.056747&source=embed" style="color:#0000FF;text-align:left">Google map</a> in a larger map</small></body></html>]]></data>
</htmlwidget>