<?xml version="1.0" encoding="utf-8"?>
<infomodule>
	<configuration>
		<option id="titleID">
			<value>1</value>
		</option>
	</configuration>

	<structure>
		<properties>
			<property id="1" type="plainText" keyName="label">
				<name><![CDATA[Label]]></name>
			</property>
			<property id="2" type="image" keyName="icon">
				<name><![CDATA[Icon]]></name>
			</property>
		</properties>
		<template id="0" parent="0" click="switchPage;page=1" order="0">
			<properties>
				<item propertyType="1"><![CDATA[MENU LABEL]]></item>
				<item propertyType="2"><![CDATA[]]></item>
			</properties>
		</template>
	</structure>

	<data><item id="1" parent="0" click="switchPage;page=1" order="1"><properties><item propertyType="1"><![CDATA[TRANG CHỦ]]></item><item propertyType="2"><![CDATA[]]></item></properties></item><item id="3" parent="0" click="switchPage;page=4" order="2"><properties><item propertyType="1"><![CDATA[GIỚI THIỆU]]></item><item propertyType="2"><![CDATA[]]></item></properties></item><item id="4" parent="0" click="switchPage;page=5" order="3"><properties><item propertyType="1"><![CDATA[THỊ THỰC VISA]]></item><item propertyType="2"><![CDATA[]]></item></properties></item><item id="5" parent="0" click="switchPage;page=6" order="4"><properties><item propertyType="1"><![CDATA[KHÁCH HÀNG]]></item><item propertyType="2"><![CDATA[]]></item></properties></item><item id="2" parent="0" click="switchPage;page=2" order="5"><properties><item propertyType="1"><![CDATA[LIÊN HỆ]]></item><item propertyType="2"><![CDATA[]]></item></properties></item></data>

</infomodule>
